CPU Usage (%),RAM Usage (GB),GPU Usage (%),GPU Memory Usage (GB),Epoch times (seconds)
59.2,45.058841705322266,92.0,79.056640625,11.075568199157715
73.2,45.097965240478516,90.0,79.13671875,7.512004852294922
79.8,45.111637115478516,94.0,79.13671875,8.824117422103882
79.6,45.14849853515625,93.0,79.13671875,8.437491178512573
76.8,45.06294250488281,90.0,79.13671875,7.864383697509766
70.5,45.09497833251953,91.0,79.13671875,9.494285821914673
69.3,45.132179260253906,0.0,79.13671875,6.752550840377808
78.6,45.19160079956055,0.0,79.13671875,8.453294515609741
75.7,45.242706298828125,92.0,79.13671875,6.92466402053833
78.3,45.22320556640625,82.0,79.13671875,8.16294264793396
74.1,45.27116012573242,93.0,79.13671875,10.833369493484497
70.4,45.30168533325195,100.0,79.13671875,7.152274131774902
74.8,45.34768295288086,5.0,79.13671875,7.04664945602417
79.0,45.23241424560547,85.0,79.13671875,8.813464879989624
76.9,45.24613952636719,72.0,79.13671875,7.4161365032196045
68.5,45.3316764831543,0.0,79.13671875,9.044954299926758
69.8,45.32296371459961,0.0,79.13671875,7.056283712387085
76.1,45.268646240234375,20.0,79.13671875,7.50874400138855
77.3,45.243953704833984,92.0,79.13671875,7.933584451675415
83.6,45.241371154785156,92.0,79.13671875,11.60353136062622
71.0,45.24441146850586,82.0,79.13671875,10.449006080627441
78.8,45.25199890136719,87.0,79.13671875,8.990013360977173
79.7,45.309391021728516,3.0,79.13671875,8.475502490997314
74.8,45.36969757080078,93.0,79.13671875,6.802112579345703
77.4,45.28759002685547,88.0,79.13671875,8.207023620605469
70.1,45.28619384765625,91.0,79.13671875,9.844963788986206
72.7,45.31147766113281,92.0,79.13671875,7.170320510864258
77.0,45.28122329711914,100.0,79.13671875,7.848110198974609
76.4,45.23197555541992,91.0,79.13671875,7.859257936477661
78.5,45.28876495361328,97.0,79.13671875,8.261457204818726
67.9,45.24123001098633,89.0,79.13671875,9.407375574111938
78.3,45.480690002441406,95.0,79.13671875,8.081640720367432
79.3,45.72605895996094,97.0,79.13671875,8.925953388214111
77.7,45.71500778198242,87.0,79.13671875,8.171414375305176
78.3,45.646629333496094,90.0,79.13671875,8.489570617675781
67.2,45.72466278076172,88.0,79.13671875,10.102028131484985
79.2,45.73097229003906,94.0,79.13671875,8.898987531661987
78.8,45.771610260009766,2.0,79.13671875,8.776692628860474
76.8,45.800968170166016,7.0,79.13671875,7.762478828430176
77.3,45.66856002807617,4.0,79.13671875,7.872983932495117
68.3,45.64004898071289,26.0,79.13671875,9.960252523422241
76.9,45.716915130615234,45.0,79.13671875,7.640833139419556
77.3,45.63980484008789,92.0,79.13671875,7.430206298828125
80.3,45.22396469116211,93.0,79.13671875,8.971067667007446
78.8,45.22315979003906,93.0,79.13671875,8.470812320709229
67.3,45.26974105834961,95.0,79.13671875,9.291054248809814
74.7,45.30302810668945,92.0,79.13671875,6.852903366088867
78.2,45.26573944091797,96.0,79.13671875,8.056628465652466
75.9,45.35274124145508,89.0,79.13671875,7.3643152713775635
78.0,45.347721099853516,99.0,79.13671875,8.262833595275879
67.4,45.33779525756836,85.0,79.13671875,9.392573118209839
73.1,45.32533645629883,25.0,79.13671875,6.713541269302368
73.3,45.25115203857422,88.0,79.13671875,6.685260057449341
77.1,45.17844772338867,79.0,79.13671875,8.125412940979004
76.0,45.283775329589844,100.0,79.13671875,7.126569747924805
67.9,45.25339126586914,93.0,79.13671875,8.569227695465088
79.4,45.25880432128906,93.0,79.13671875,9.311577081680298
76.3,45.258628845214844,93.0,79.13671875,7.831608772277832
76.2,45.2265739440918,36.0,79.13671875,7.009337663650513
74.0,45.3282585144043,94.0,79.13671875,7.027078151702881
64.8,45.302738189697266,94.0,79.13671875,9.061197757720947
77.8,45.2578010559082,91.0,79.13671875,8.183751821517944
78.7,45.24721908569336,92.0,79.13671875,8.579383611679077
73.6,45.29672622680664,17.0,79.13671875,6.6522886753082275
74.0,45.54780197143555,89.0,79.13671875,7.377073287963867
67.8,45.3214111328125,93.0,79.13671875,9.211344480514526
77.4,45.34382247924805,93.0,79.13671875,8.104975461959839
77.9,45.28379821777344,8.0,79.13671875,8.00332498550415
75.5,45.30280685424805,100.0,79.13671875,7.032037973403931
76.2,45.30955123901367,76.0,79.13671875,6.962603330612183
64.1,45.27458190917969,90.0,79.13671875,8.230452060699463
75.8,45.288597106933594,0.0,79.13671875,8.210086345672607
76.0,45.24665069580078,86.0,79.12109375,8.356914043426514
76.3,45.29536056518555,88.0,79.119140625,8.143962144851685
72.9,45.261085510253906,91.0,79.119140625,7.109555959701538
70.2,45.27122497558594,26.0,79.119140625,9.324944496154785
77.1,45.336036682128906,94.0,79.119140625,7.611427068710327
76.6,45.36985397338867,94.0,79.119140625,7.75300407409668
77.6,45.48492431640625,93.0,79.119140625,8.057344913482666
71.6,45.36380386352539,92.0,79.119140625,7.033088207244873
73.4,45.35579299926758,93.0,79.119140625,10.66276216506958
80.4,45.394344329833984,87.0,79.119140625,10.00174880027771
76.2,45.39663314819336,93.0,79.119140625,7.73003077507019
76.3,45.424705505371094,94.0,79.119140625,7.391478061676025
68.0,45.42961502075195,83.0,79.119140625,7.025940179824829
71.2,45.40130615234375,16.0,79.119140625,9.34670639038086
79.5,45.414546966552734,94.0,79.119140625,9.569206714630127
81.4,45.3775634765625,0.0,79.119140625,10.36489987373352
66.9,45.38845443725586,92.0,79.119140625,6.3795905113220215
76.5,45.32121276855469,93.0,79.119140625,8.006028652191162
73.3,45.341087341308594,89.0,79.119140625,9.475112199783325
81.3,45.33012008666992,95.0,79.119140625,8.661539793014526
81.6,45.366455078125,98.0,79.119140625,9.009755373001099
71.8,45.350303649902344,87.0,79.119140625,7.3358681201934814
75.1,45.36450958251953,94.0,79.119140625,6.724687099456787
73.3,45.3189811706543,100.0,79.119140625,10.466957092285156
76.0,45.36774444580078,100.0,79.119140625,7.256170272827148
76.9,45.3908576965332,100.0,79.119140625,7.887430191040039
72.6,45.410396575927734,90.0,79.119140625,7.845480680465698
76.7,45.39634704589844,90.0,79.119140625,7.89587140083313
72.7,45.42710494995117,24.0,79.119140625,9.497013330459595
75.6,45.35326385498047,94.0,79.119140625,7.148136138916016
79.7,45.507286071777344,85.0,79.119140625,8.839271783828735
74.2,45.34378433227539,94.0,79.119140625,8.210361242294312
76.8,45.32677459716797,100.0,79.119140625,7.421275615692139
69.5,45.32802200317383,8.0,79.119140625,9.272762775421143
78.0,45.52006912231445,81.0,79.119140625,8.60825252532959
77.2,45.36190414428711,94.0,79.119140625,7.421055316925049
76.6,45.31159973144531,2.0,79.119140625,8.536498785018921
78.0,45.331031799316406,89.0,79.119140625,7.671985864639282
69.0,45.304649353027344,30.0,79.119140625,9.086838722229004
77.4,45.29314041137695,24.0,79.119140625,8.034990549087524
75.1,45.34809112548828,89.0,79.119140625,7.787461042404175
77.6,45.302066802978516,1.0,79.119140625,9.11869740486145
79.1,45.25899887084961,90.0,79.119140625,8.20987868309021
75.9,45.26448440551758,94.0,79.119140625,11.30404281616211
76.7,45.28144454956055,90.0,79.119140625,7.545748233795166
72.9,45.23606872558594,92.0,79.119140625,8.124202013015747
77.7,45.280052185058594,98.0,79.119140625,8.1181058883667
77.6,45.24625778198242,91.0,79.119140625,8.096874237060547
72.5,45.2322883605957,90.0,79.119140625,9.95032787322998
76.2,45.349632263183594,91.0,79.119140625,7.4294350147247314
74.5,45.2916259765625,93.0,79.119140625,7.966358423233032
79.9,45.275238037109375,90.0,79.119140625,8.396740198135376
79.2,45.28999710083008,93.0,79.119140625,8.30765986442566
76.3,45.24855041503906,91.0,79.119140625,12.358336210250854
80.8,45.2451171875,88.0,79.119140625,8.95952558517456
69.3,45.255523681640625,100.0,79.119140625,6.952016830444336
76.3,45.2216682434082,93.0,79.119140625,7.44445276260376
74.9,45.190670013427734,98.0,79.119140625,6.884959697723389
68.3,45.221920013427734,90.0,79.119140625,8.350057363510132
71.3,45.231876373291016,87.0,79.119140625,6.593172073364258
74.6,45.28664016723633,23.0,79.119140625,7.532958030700684
75.0,45.2308464050293,91.0,79.119140625,7.150867223739624
75.9,45.23191833496094,93.0,79.119140625,7.331822395324707
72.7,45.32368087768555,26.0,79.119140625,9.812011003494263
69.8,45.384735107421875,92.0,79.119140625,6.0458009243011475
70.8,45.3883171081543,94.0,79.119140625,6.678394317626953
78.2,45.3697509765625,88.0,79.119140625,7.947842836380005
73.4,45.41383361816406,94.0,79.119140625,6.693357944488525
72.2,45.40865707397461,90.0,79.119140625,9.756860494613647
71.5,45.37822723388672,0.0,79.119140625,6.865185976028442
75.1,45.3679084777832,93.0,79.119140625,7.685323715209961
79.7,45.291507720947266,2.0,79.119140625,8.785781145095825
78.3,45.48680877685547,86.0,79.119140625,8.397644996643066
75.5,45.3166389465332,93.0,79.119140625,10.715976476669312
69.0,45.428836822509766,82.0,79.119140625,6.724308967590332
74.9,45.440185546875,1.0,79.119140625,7.252468109130859
82.3,45.411643981933594,93.0,79.119140625,11.129413366317749
76.4,45.41895294189453,94.0,79.119140625,7.666405439376831
70.7,45.35976791381836,0.0,79.119140625,9.03406286239624
73.7,45.372562408447266,95.0,79.119140625,8.358798265457153
83.1,45.459861755371094,96.0,79.119140625,10.284489870071411
81.0,45.464759826660156,92.0,79.119140625,9.601735591888428
83.0,45.437313079833984,100.0,79.119140625,10.932209968566895
69.9,45.51158142089844,90.0,79.119140625,10.795833587646484
82.7,45.47570037841797,92.0,79.119140625,9.628353357315063
77.9,45.49308395385742,94.0,79.119140625,7.567272424697876
76.6,45.45977783203125,90.0,79.119140625,7.709042310714722
76.4,45.44352340698242,91.0,79.119140625,7.6834046840667725
63.4,45.46010971069336,80.0,79.119140625,9.037719011306763
81.4,45.68608474731445,85.0,79.119140625,9.418781042098999
78.5,45.94418716430664,89.0,79.119140625,8.562839031219482
79.4,45.977535247802734,94.0,79.119140625,9.160583734512329
76.2,46.02981185913086,100.0,79.119140625,7.3429625034332275
65.7,46.11622619628906,98.0,79.119140625,9.214271068572998
73.8,46.02333068847656,24.0,79.119140625,7.017516851425171
73.3,46.030738830566406,92.0,79.119140625,6.953048229217529
77.3,46.062721252441406,92.0,79.119140625,7.689051151275635
76.6,46.041358947753906,98.0,79.119140625,7.782667636871338
67.1,46.10557556152344,92.0,79.119140625,8.958498477935791
78.3,46.1488037109375,86.0,79.119140625,8.02765941619873
76.4,46.18378448486328,13.0,79.119140625,7.5703089237213135
75.9,46.58647155761719,93.0,79.119140625,7.568250894546509
80.7,48.0270881652832,26.0,79.119140625,8.792041540145874
68.2,50.32195281982422,88.0,79.119140625,8.696792364120483
76.6,45.410160064697266,0.0,79.119140625,8.036202192306519
73.1,45.42556381225586,89.0,79.119140625,6.965006351470947
75.7,45.43782424926758,100.0,79.119140625,7.45778489112854
75.3,45.40049743652344,100.0,79.119140625,7.438263177871704
66.8,45.358917236328125,83.0,79.119140625,8.776870965957642
78.0,45.33131408691406,6.0,79.119140625,8.252689123153687
78.4,45.26130676269531,92.0,79.119140625,8.429089784622192
77.2,45.31201934814453,94.0,79.119140625,7.923203468322754
77.5,45.320552825927734,89.0,79.119140625,8.05644178390503
67.6,45.34104537963867,91.0,79.119140625,8.81959080696106
76.5,45.30279541015625,31.0,79.119140625,7.451309442520142
74.5,45.264503479003906,100.0,79.119140625,7.0331871509552
75.2,45.23154067993164,94.0,79.119140625,7.356733322143555
76.7,45.23094940185547,95.0,79.119140625,7.514668703079224
67.5,45.223758697509766,93.0,79.119140625,9.225587129592896
80.4,45.28871536254883,3.0,79.119140625,9.267704725265503
75.5,45.231685638427734,93.0,79.119140625,7.537609338760376
77.0,45.27482604980469,91.0,79.119140625,7.8984081745147705
67.6,45.323116302490234,90.0,79.119140625,6.699293851852417
71.2,45.337989807128906,100.0,79.119140625,9.479535341262817
77.5,45.364864349365234,84.0,79.119140625,7.866373777389526
76.4,45.36159896850586,9.0,79.119140625,7.932432651519775
78.1,45.356781005859375,91.0,79.119140625,7.851642847061157
69.3,45.3204460144043,94.0,79.12109375,6.889338493347168
73.4,45.31327438354492,71.0,79.119140625,10.601050615310669
74.1,45.35006332397461,44.0,79.119140625,7.148245573043823
76.8,45.29985046386719,94.0,79.119140625,7.611429452896118
77.7,45.27287292480469,94.0,79.119140625,7.7272186279296875
71.1,45.286163330078125,92.0,79.119140625,7.446035385131836
70.6,45.22187805175781,92.0,79.119140625,9.595735788345337
78.6,45.226829528808594,91.0,79.119140625,8.308232545852661
77.8,45.24065017700195,100.0,79.119140625,8.291354179382324
76.5,45.30946350097656,89.0,79.119140625,8.048653602600098
69.6,45.27730178833008,88.0,79.119140625,7.314747095108032
70.4,45.28256607055664,92.0,79.119140625,9.485967636108398
77.7,45.29066467285156,98.0,79.119140625,7.925382137298584
77.8,45.2753791809082,97.0,79.119140625,8.341974973678589
71.6,45.271728515625,97.0,79.119140625,7.341181039810181
76.6,45.24187469482422,95.0,79.119140625,8.149518489837646
70.6,45.222816467285156,93.0,79.119140625,9.710519552230835
77.9,45.257110595703125,91.0,79.119140625,7.4956583976745605
71.9,45.276424407958984,94.0,79.119140625,6.249795198440552
72.2,45.247493743896484,90.0,79.119140625,7.716669321060181
79.0,45.262229919433594,92.0,79.119140625,8.312331676483154
71.9,45.26911163330078,93.0,79.119140625,9.68303894996643
77.0,45.301265716552734,93.0,79.119140625,8.265669107437134
78.2,45.29127502441406,93.0,79.119140625,8.521620273590088
71.9,45.2841911315918,93.0,79.119140625,7.524364709854126
78.9,45.25063705444336,0.0,79.119140625,8.336519241333008
72.4,45.283409118652344,93.0,79.119140625,9.471962451934814
79.1,45.27228927612305,93.0,79.119140625,8.78607726097107
80.6,45.32941818237305,97.0,79.119140625,8.813441753387451
69.2,45.367034912109375,100.0,79.119140625,7.227639436721802
80.0,45.32737350463867,95.0,79.119140625,8.790824174880981
75.0,45.297332763671875,90.0,79.119140625,10.882938146591187
76.4,45.331153869628906,100.0,79.119140625,8.048471450805664
74.5,45.366973876953125,100.0,79.119140625,7.607982158660889
67.8,45.289451599121094,92.0,79.119140625,7.120474815368652
75.7,45.367225646972656,100.0,79.119140625,7.769635200500488
72.5,45.28451919555664,89.0,79.119140625,10.053221702575684
76.3,45.227943420410156,97.0,79.119140625,7.82569694519043
75.9,45.31285858154297,32.0,79.119140625,7.376321792602539
76.2,45.32060241699219,0.0,79.119140625,8.18721866607666
75.7,45.315311431884766,32.0,79.119140625,7.516737222671509
72.2,45.33332824707031,94.0,79.119140625,9.538673639297485
78.4,45.34809112548828,18.0,79.119140625,8.69132399559021
72.4,45.369754791259766,97.0,79.119140625,7.302454233169556
74.1,45.334022521972656,91.0,79.119140625,7.665351390838623
77.2,45.31704330444336,92.0,79.119140625,7.7549519538879395
74.8,45.28548812866211,93.0,79.119140625,10.261847257614136
76.7,45.29564666748047,92.0,79.119140625,8.006755828857422
70.4,45.261295318603516,84.0,79.119140625,7.555058717727661
80.4,45.389617919921875,88.0,79.119140625,9.637973308563232
78.9,45.3266487121582,91.0,79.119140625,8.695350408554077
71.5,45.339317321777344,91.0,79.119140625,9.311790466308594
76.6,45.34420394897461,94.0,79.119140625,7.953187704086304
71.9,45.30207443237305,92.0,79.119140625,7.526821851730347
76.2,45.3088264465332,94.0,79.119140625,7.719480991363525
77.3,45.29810333251953,18.0,79.119140625,7.887394905090332
72.0,45.314327239990234,24.0,79.12109375,9.867558002471924
77.8,45.329158782958984,92.0,79.119140625,8.434534788131714
66.4,45.32905960083008,86.0,79.119140625,6.234233856201172
79.4,45.2775993347168,93.0,79.12109375,8.876606941223145
79.2,45.289268493652344,90.0,79.119140625,8.598078727722168
76.4,45.2861213684082,88.0,79.119140625,11.959995746612549
74.9,45.32123565673828,92.0,79.119140625,8.069631814956665
70.8,45.32857131958008,93.0,79.119140625,7.927422523498535
78.4,45.289710998535156,26.0,79.119140625,8.508252382278442
77.2,45.28484344482422,0.0,79.119140625,7.842066526412964
74.6,45.309688568115234,85.0,79.119140625,10.351668119430542
77.5,45.304019927978516,91.0,79.119140625,8.474859237670898
72.5,45.28466033935547,98.0,79.119140625,7.367419958114624
79.0,45.24895477294922,95.0,79.119140625,8.460051536560059
77.5,45.37308120727539,0.0,79.119140625,7.84939980506897
72.6,45.26817321777344,32.0,79.12109375,10.293124437332153
74.6,45.291324615478516,92.0,79.119140625,6.8807995319366455
71.3,45.40515899658203,90.0,79.119140625,7.075814247131348
73.6,45.34513854980469,96.0,79.119140625,6.908361434936523
77.9,45.35171890258789,23.0,79.119140625,9.054479837417603
73.4,45.282955169677734,94.0,79.119140625,9.64104962348938
75.1,45.31222152709961,100.0,79.119140625,7.31158185005188
68.9,45.39605712890625,0.0,79.119140625,6.8019373416900635
75.7,45.3176383972168,94.0,79.119140625,7.41366171836853
76.3,45.321449279785156,93.0,79.119140625,7.899368047714233
74.8,45.325401306152344,94.0,79.119140625,10.74384069442749
72.2,45.370277404785156,92.0,79.119140625,6.567384243011475
68.6,45.390132904052734,94.0,79.119140625,6.9277307987213135
76.2,45.3751220703125,96.0,79.119140625,7.629206418991089
74.2,45.35160446166992,6.0,79.119140625,7.166049480438232
70.2,45.35462188720703,94.0,79.119140625,8.971063137054443
77.5,45.35824203491211,69.0,79.119140625,8.357578754425049
68.1,45.34062957763672,93.0,79.119140625,6.611099481582642
76.7,45.4156608581543,100.0,79.119140625,7.635782241821289
78.9,45.40132141113281,93.0,79.119140625,8.785794019699097
69.8,45.34485626220703,97.0,79.119140625,9.554398536682129
72.6,45.316650390625,47.0,79.119140625,7.00907826423645
72.4,45.32395935058594,95.0,79.119140625,6.889646530151367
75.2,45.31983947753906,100.0,79.119140625,7.537830829620361
77.6,45.3288688659668,2.0,79.119140625,7.825664520263672
73.3,45.3806037902832,90.0,79.119140625,8.907968997955322
77.4,45.32050704956055,100.0,79.119140625,8.172555208206177
70.6,45.348121643066406,93.0,79.119140625,7.902867317199707
77.2,45.30604934692383,100.0,79.119140625,8.28343391418457
77.2,45.28668212890625,96.0,79.119140625,8.087243795394897
75.6,45.32322692871094,91.0,79.119140625,11.166873216629028
69.8,45.343849182128906,31.0,79.119140625,6.407475709915161
73.1,45.257232666015625,100.0,79.119140625,7.572644233703613
78.8,45.30662155151367,87.0,79.119140625,8.606426000595093
74.2,45.31984329223633,92.0,79.119140625,7.651268243789673
70.7,45.337772369384766,100.0,79.119140625,9.81089973449707
71.0,45.3275260925293,100.0,79.119140625,7.105374813079834
77.4,45.3347282409668,90.0,79.119140625,7.635230302810669
77.0,45.323707580566406,12.0,79.119140625,7.9520485401153564
76.0,45.3481559753418,95.0,79.119140625,7.723119735717773
77.5,45.41421127319336,91.0,79.119140625,12.287021398544312
72.1,45.40548324584961,100.0,79.119140625,7.3831446170806885
80.5,45.37614059448242,97.0,79.119140625,10.103433847427368
79.5,45.341880798339844,100.0,79.119140625,9.109331846237183
79.2,45.34236526489258,91.0,79.119140625,8.553144216537476
72.2,45.411285400390625,79.0,79.119140625,10.807945966720581
74.2,45.390193939208984,84.0,79.119140625,7.374738931655884
78.1,45.36030197143555,91.0,79.119140625,8.47646427154541
76.3,45.37889099121094,100.0,79.119140625,7.880855321884155
77.2,45.33451843261719,100.0,79.119140625,9.110970973968506
69.7,45.31269454956055,21.0,79.119140625,10.607747554779053
75.8,45.28813171386719,93.0,79.119140625,7.1861231327056885
79.1,45.357391357421875,90.0,79.119140625,9.22272253036499
74.1,45.284053802490234,2.0,79.119140625,6.967463254928589
75.0,45.387332916259766,87.0,79.119140625,7.302558422088623
68.5,45.35371780395508,96.0,79.119140625,9.661396265029907
77.2,45.38450622558594,0.0,79.119140625,8.744512796401978
76.4,45.3304443359375,99.0,79.119140625,7.423893690109253
77.1,45.283294677734375,92.0,79.119140625,8.07271432876587
80.0,45.39020538330078,91.0,79.119140625,8.61731743812561
64.2,45.439598083496094,19.0,79.119140625,8.860234260559082
79.2,45.39961242675781,91.0,79.119140625,8.787442922592163
75.4,45.4285774230957,87.0,79.119140625,7.964917898178101
77.7,45.36848831176758,77.0,79.119140625,8.448325872421265
74.9,45.33445358276367,20.0,79.119140625,7.46845269203186
67.0,45.33047103881836,1.0,79.119140625,10.021139144897461
76.2,45.312599182128906,92.0,79.119140625,7.873271942138672
77.6,45.343482971191406,93.0,79.119140625,8.464757204055786
76.5,45.35542297363281,38.0,79.119140625,7.973323106765747
74.6,45.35007095336914,94.0,79.119140625,7.651886701583862
65.0,45.32278823852539,96.0,79.119140625,8.62733769416809
75.0,45.30759811401367,89.0,79.119140625,7.059203147888184
76.2,45.287994384765625,93.0,79.119140625,7.694624662399292
76.9,45.29679489135742,90.0,79.119140625,7.8954918384552
76.2,45.32027053833008,35.0,79.119140625,7.847968578338623
68.4,45.302974700927734,10.0,79.119140625,10.482869863510132
76.4,45.300506591796875,95.0,79.119140625,7.717333793640137
77.3,45.28256607055664,91.0,79.119140625,8.15171194076538
78.1,45.35054016113281,89.0,79.119140625,8.370985746383667
76.8,45.26926040649414,93.0,79.119140625,8.11969542503357
65.8,45.28732681274414,98.0,79.119140625,8.885391235351562
77.4,45.315635681152344,97.0,79.119140625,8.353954315185547
77.9,45.33002853393555,100.0,79.119140625,7.798416614532471
75.5,45.38998031616211,23.0,79.119140625,7.366013765335083
77.3,45.3077392578125,18.0,79.119140625,8.394786834716797
71.0,45.297969818115234,100.0,79.119140625,12.454169511795044
76.0,45.40790939331055,70.0,79.119140625,7.335173606872559
72.0,45.445377349853516,100.0,79.119140625,6.4182844161987305
75.3,45.383575439453125,91.0,79.119140625,7.448672533035278
75.9,45.350467681884766,93.0,79.119140625,7.988764047622681
67.2,45.27180099487305,89.0,79.119140625,8.926788330078125
75.2,45.308753967285156,85.0,79.119140625,7.229719638824463
74.9,45.32539367675781,95.0,79.119140625,7.315995693206787
78.2,45.30967330932617,89.0,79.119140625,7.643232345581055
75.5,45.31940460205078,87.0,79.119140625,7.753454208374023
70.5,45.328739166259766,97.0,79.119140625,10.64557933807373
76.0,45.33773422241211,100.0,79.119140625,8.311565160751343
79.2,45.3787956237793,94.0,79.119140625,8.72299599647522
76.2,45.345027923583984,93.0,79.119140625,8.063739538192749
70.8,45.319305419921875,86.0,79.119140625,7.7885496616363525
73.4,45.257835388183594,96.0,79.119140625,9.967747926712036
76.9,45.29204177856445,94.0,79.119140625,8.038651704788208
78.9,45.33343505859375,100.0,79.119140625,8.402048826217651
81.0,45.29224395751953,98.0,79.119140625,9.50494933128357
67.4,45.296653747558594,87.0,79.119140625,6.109907627105713
73.7,45.25368118286133,92.0,79.119140625,10.38269591331482
76.3,45.31572341918945,11.0,79.119140625,8.148341178894043
77.6,45.2928466796875,95.0,79.119140625,7.925485134124756
77.4,45.257476806640625,18.0,79.119140625,8.601948738098145
66.3,45.31915283203125,90.0,79.119140625,6.007773160934448
73.6,45.274513244628906,100.0,79.119140625,10.078693389892578
75.3,45.27265167236328,99.0,79.119140625,7.457882642745972
76.4,45.30681228637695,94.0,79.119140625,8.522067070007324
80.6,45.29621505737305,100.0,79.119140625,9.494956731796265
70.4,45.32640838623047,79.0,79.119140625,7.5499842166900635
73.6,45.33301544189453,7.0,79.119140625,10.85649061203003
77.3,45.245079040527344,28.0,79.119140625,8.139331340789795
76.1,45.25839614868164,94.0,79.119140625,7.197232007980347
79.1,45.25971603393555,82.0,79.119140625,8.25886845588684
74.2,45.32383728027344,0.0,79.119140625,8.09745979309082
76.3,45.399471282958984,94.0,79.119140625,10.397501230239868
78.5,45.38716125488281,98.0,79.119140625,8.250155925750732
79.5,45.422794342041016,95.0,79.119140625,8.893907308578491
77.0,45.31880569458008,97.0,79.119140625,7.798370361328125
69.8,45.344112396240234,100.0,79.119140625,7.556056261062622
73.5,45.38193893432617,96.0,79.119140625,10.502478837966919
77.9,45.33618927001953,88.0,79.119140625,9.05995774269104
79.7,45.27014923095703,89.0,79.119140625,9.047626733779907
73.7,45.306156158447266,92.0,79.119140625,7.8310933113098145
75.0,45.2925910949707,100.0,79.119140625,7.441028833389282
71.6,45.35877990722656,84.0,79.119140625,9.603691339492798
75.0,45.29053497314453,16.0,79.119140625,6.713513612747192
76.0,45.263179779052734,92.0,79.119140625,7.339518785476685
71.7,45.25473403930664,90.0,79.119140625,7.41237735748291
78.1,45.269832611083984,100.0,79.119140625,8.002732038497925
74.0,45.275760650634766,87.0,79.119140625,10.683917999267578
79.5,45.270442962646484,94.0,79.119140625,9.331286191940308
75.1,45.25538635253906,100.0,79.119140625,7.566253185272217
73.1,45.29029083251953,90.0,79.119140625,7.492686986923218
73.5,45.30022430419922,10.0,79.119140625,7.427262306213379
70.9,45.268714904785156,8.0,79.119140625,9.437661409378052
76.0,45.26317596435547,24.0,79.119140625,8.127431631088257
77.1,45.263160705566406,79.0,79.119140625,8.473832845687866
71.4,45.311683654785156,93.0,79.119140625,7.668251037597656
77.0,45.2320556640625,27.0,79.119140625,7.915260076522827
71.5,45.24074172973633,89.0,79.119140625,9.976434707641602
77.3,45.3115348815918,100.0,79.119140625,8.694227933883667
78.3,45.317256927490234,91.0,79.119140625,8.157192707061768
76.3,45.39485549926758,87.0,79.119140625,9.671163082122803
76.8,45.39814376831055,94.0,79.119140625,8.224603176116943
72.6,45.35155487060547,94.0,79.119140625,10.499922513961792
76.3,45.299400329589844,90.0,79.119140625,8.16949725151062
69.4,45.25310134887695,92.0,79.119140625,6.6952619552612305
76.8,45.39054870605469,73.0,79.119140625,7.826761245727539
75.6,45.38674545288086,0.0,79.119140625,7.73603081703186
71.9,45.35622024536133,90.0,79.119140625,10.090913534164429
77.5,45.37419128417969,92.0,79.119140625,8.639354944229126
69.4,45.31373596191406,97.0,79.119140625,7.410696744918823
77.0,45.23817443847656,90.0,79.119140625,7.74206280708313
79.3,45.25444030761719,97.0,79.119140625,9.132012128829956
72.6,45.32950973510742,94.0,79.119140625,10.913422346115112
73.8,45.35114669799805,92.0,79.119140625,7.086054801940918
71.0,45.34518814086914,94.0,79.119140625,7.282663106918335
76.1,45.30205535888672,92.0,79.119140625,7.6811652183532715
76.3,45.330718994140625,96.0,79.119140625,7.604790210723877
72.2,45.323455810546875,97.0,79.119140625,9.543866157531738
75.4,45.38331604003906,93.0,79.119140625,7.652345657348633
71.8,45.31585693359375,93.0,79.119140625,7.434977293014526
77.1,45.37549591064453,94.0,79.119140625,8.224605560302734
78.2,45.525672912597656,92.0,79.119140625,8.602704286575317
70.4,45.42564392089844,9.0,79.119140625,9.659045934677124
75.2,45.40745544433594,91.0,79.119140625,7.598828315734863
74.5,45.34185028076172,95.0,79.119140625,7.7895965576171875
76.1,45.308109283447266,72.0,79.119140625,7.442216873168945
76.0,45.29045104980469,93.0,79.12109375,7.89755392074585
73.1,45.39678192138672,90.0,79.119140625,10.208826780319214
68.4,45.39481735229492,90.0,79.119140625,6.716606616973877
77.3,45.50474548339844,92.0,79.119140625,8.581712484359741
77.1,45.44883728027344,92.0,79.119140625,7.951579570770264
80.3,45.442222595214844,100.0,79.119140625,8.819367170333862
72.0,45.338069915771484,5.0,79.119140625,9.82023572921753
68.5,45.33941650390625,97.0,79.119140625,6.346674203872681
78.5,45.380550384521484,96.0,79.119140625,8.864667892456055
75.0,45.32425308227539,97.0,79.119140625,7.966812610626221
76.3,45.3352165222168,88.0,79.119140625,8.445987224578857
73.1,45.37321090698242,93.0,79.119140625,9.669075965881348
70.8,45.36598205566406,71.0,79.119140625,7.20855975151062
74.9,45.347347259521484,94.0,79.119140625,7.263176679611206
77.1,45.31117630004883,97.0,79.119140625,8.198132038116455
76.1,45.33731460571289,91.0,79.119140625,7.785146951675415
69.9,45.34874725341797,89.0,79.119140625,9.794633150100708
73.2,45.340335845947266,94.0,79.119140625,8.05308485031128
74.7,45.367469787597656,93.0,79.119140625,7.49036431312561
75.4,45.2652473449707,97.0,79.119140625,7.795246362686157
74.6,45.216453552246094,100.0,79.119140625,7.318870306015015
62.3,45.267486572265625,0.0,79.119140625,8.16401195526123
73.2,45.291160583496094,93.0,79.119140625,7.0351643562316895
78.1,45.27908706665039,90.0,79.119140625,8.113874912261963
74.2,45.38615036010742,92.0,79.119140625,7.05561900138855
76.0,45.327999114990234,2.0,79.119140625,7.596519708633423
70.1,45.296485900878906,30.0,79.119140625,10.456784725189209
75.6,45.3291130065918,91.0,79.119140625,7.77592396736145
77.4,45.24811553955078,90.0,79.119140625,8.399185180664062
76.9,45.318111419677734,92.0,79.119140625,7.911052942276001
71.3,45.3407096862793,92.0,79.119140625,6.428903579711914
67.3,45.30400085449219,97.0,79.119140625,9.661687850952148
76.3,45.36457443237305,89.0,79.119140625,7.437671422958374
82.2,46.10953140258789,82.0,79.119140625,9.552965879440308
74.9,46.024436950683594,92.0,79.119140625,7.153676986694336
80.4,45.91960144042969,19.0,79.119140625,9.607728004455566
62.6,46.032798767089844,94.0,79.119140625,8.453394889831543
82.1,46.62643051147461,93.0,79.119140625,10.404850482940674
76.9,46.6143913269043,92.0,79.119140625,8.077036619186401
77.5,46.584381103515625,92.0,79.119140625,8.42423701286316
78.1,46.48440170288086,92.0,79.119140625,8.992257595062256
67.5,46.4416389465332,92.0,79.119140625,8.953282117843628
77.2,46.47603225708008,98.0,79.119140625,8.341202974319458
76.9,46.487464904785156,19.0,79.119140625,7.976619720458984
75.5,46.534210205078125,100.0,79.119140625,7.63556694984436
75.5,46.55344009399414,97.0,79.119140625,7.247140884399414
67.6,46.57276153564453,83.0,79.119140625,9.456490516662598
73.2,46.57464599609375,0.0,79.119140625,7.0447657108306885
73.6,46.55366134643555,94.0,79.119140625,7.248084783554077
78.7,46.54265213012695,94.0,79.119140625,8.391374826431274
74.2,46.52405548095703,0.0,79.119140625,6.815461874008179
64.2,46.53790283203125,93.0,79.119140625,8.23910403251648
76.8,46.518802642822266,98.0,79.119140625,7.673964023590088
76.9,46.58424377441406,94.0,79.119140625,7.859046220779419
71.2,46.5234375,88.0,79.119140625,6.221962213516235
75.4,46.47068786621094,93.0,79.119140625,7.468712568283081
67.4,46.41746520996094,91.0,79.119140625,9.286788702011108
76.7,46.45406723022461,99.0,79.119140625,8.186050176620483
77.7,46.4869384765625,100.0,79.119140625,8.783463716506958
77.0,46.50407409667969,8.0,79.119140625,8.431058645248413
76.7,46.503440856933594,91.0,79.119140625,8.088045835494995
70.6,46.518672943115234,95.0,79.119140625,9.59737491607666
76.6,46.55817413330078,40.0,79.119140625,7.952991485595703
78.7,46.437191009521484,88.0,79.119140625,9.09983229637146
75.9,46.39866638183594,92.0,79.119140625,8.170945882797241
74.4,46.439239501953125,91.0,79.119140625,7.971058130264282
73.0,46.38274002075195,92.0,79.119140625,10.653401374816895
75.9,46.40377426147461,93.0,79.119140625,7.92043924331665
75.3,46.4357795715332,100.0,79.119140625,7.423096418380737
78.9,45.66902160644531,44.0,79.119140625,8.594098329544067
72.8,45.6538200378418,43.0,79.119140625,7.625092267990112
71.3,45.683170318603516,98.0,79.119140625,9.413459300994873
76.4,45.68113327026367,93.0,79.119140625,7.4175865650177
76.7,45.67482376098633,88.0,79.119140625,8.13628888130188
79.9,45.642765045166016,100.0,79.119140625,9.015583753585815
72.8,45.66508483886719,92.0,79.119140625,7.109983921051025
73.0,45.601619720458984,90.0,79.119140625,9.99387001991272
76.5,45.61041259765625,31.0,79.119140625,7.715955018997192
73.5,45.6102294921875,100.0,79.119140625,6.60313868522644
78.1,45.619720458984375,90.0,79.119140625,7.656614780426025
74.3,45.62556838989258,94.0,79.119140625,8.084668159484863
68.9,45.61084747314453,100.0,79.119140625,8.592922687530518
75.8,45.624385833740234,96.0,79.119140625,7.4730939865112305
78.4,45.73444366455078,94.0,79.119140625,8.698731184005737
75.0,45.60932540893555,17.0,79.119140625,8.304486751556396
74.4,45.593074798583984,92.0,79.119140625,7.225557327270508
72.5,45.657691955566406,35.0,79.119140625,10.570879220962524
76.7,45.6286735534668,100.0,79.119140625,7.795644998550415
77.8,45.64148712158203,96.0,79.119140625,8.405126810073853
72.1,45.62331008911133,100.0,79.119140625,7.693379163742065
77.0,45.651920318603516,93.0,79.119140625,8.482118368148804
73.2,45.66899490356445,94.0,79.119140625,10.591039180755615
75.2,45.588199615478516,86.0,79.119140625,7.648865699768066
73.4,45.6481819152832,87.0,79.119140625,6.811511754989624
70.2,45.61467742919922,100.0,79.119140625,7.1101837158203125
76.2,45.63694763183594,90.0,79.119140625,7.610186338424683
71.0,45.571632385253906,94.0,79.119140625,9.031344652175903
76.0,45.6524772644043,88.0,79.119140625,7.959069728851318
76.4,45.67750549316406,90.0,79.119140625,7.862077236175537
67.1,45.62811279296875,91.0,79.119140625,6.604780912399292
75.0,45.559547424316406,88.0,79.119140625,7.699549913406372
71.4,45.63407897949219,85.0,79.119140625,10.027477979660034
76.0,45.60335159301758,76.0,79.119140625,8.083549737930298
74.6,45.59375,0.0,79.119140625,7.60084080696106
68.8,45.596866607666016,100.0,79.119140625,6.607187271118164
75.2,45.63882064819336,100.0,79.119140625,7.343146800994873
68.9,45.69300079345703,18.0,79.119140625,8.45817494392395
75.2,45.695701599121094,94.0,79.119140625,7.533080577850342
75.4,45.61899948120117,100.0,79.119140625,7.6630895137786865
68.2,45.66291427612305,94.0,79.119140625,6.515631914138794
78.2,45.555633544921875,18.0,79.119140625,8.349394798278809
72.0,45.600196838378906,95.0,79.119140625,9.152032136917114
76.6,45.60963439941406,100.0,79.119140625,7.804513216018677
79.8,45.620208740234375,93.0,79.119140625,8.977466344833374
70.7,45.60546875,82.0,79.119140625,5.432056188583374
72.0,45.579471588134766,98.0,79.119140625,6.9075188636779785
72.1,45.579917907714844,92.0,79.119140625,10.345826864242554
77.7,45.55858612060547,90.0,79.119140625,8.513599872589111
75.3,45.62279510498047,93.0,79.119140625,7.766071081161499
70.7,45.59083557128906,94.0,79.119140625,7.3465964794158936
75.0,45.59477233886719,21.0,79.119140625,7.2601563930511475
68.9,45.589664459228516,95.0,79.119140625,8.723980903625488
76.0,45.62260055541992,98.0,79.119140625,7.645561456680298
77.8,45.64157485961914,92.0,79.119140625,7.924136400222778
69.1,45.594051361083984,95.0,79.119140625,7.149020671844482
77.9,45.62812423706055,95.0,79.119140625,7.889272928237915
76.5,45.634056091308594,86.0,79.119140625,10.778543949127197
76.2,45.676292419433594,95.0,79.119140625,8.25272536277771
77.6,45.66867446899414,84.0,79.119140625,7.800589561462402
69.8,45.63579559326172,89.0,79.119140625,7.290169715881348
78.2,45.67740249633789,100.0,79.119140625,8.880794763565063
73.6,45.68900680541992,96.0,79.119140625,10.474417924880981
75.5,45.60554122924805,86.0,79.119140625,7.3935229778289795
78.2,45.630149841308594,75.0,79.119140625,8.358226299285889
67.2,45.691776275634766,2.0,79.119140625,6.892867088317871
77.5,45.622100830078125,88.0,79.119140625,7.966463327407837
73.8,45.657257080078125,91.0,79.119140625,10.318355321884155
76.8,45.65719985961914,79.0,79.119140625,7.600358247756958
70.2,45.663597106933594,92.0,79.119140625,6.293974161148071
71.1,45.63267135620117,93.0,79.119140625,7.100432395935059
72.4,45.6258659362793,38.0,79.119140625,6.747497320175171
72.0,45.65552520751953,79.0,79.119140625,10.237541913986206
76.1,45.710968017578125,8.0,79.119140625,7.889137029647827
68.2,45.73611068725586,90.0,79.119140625,6.616244792938232
73.2,45.79168701171875,88.0,79.119140625,7.522035837173462
78.7,45.712982177734375,100.0,79.119140625,8.84347152709961
71.8,45.70806884765625,92.0,79.119140625,8.897514581680298
73.2,45.697364807128906,42.0,79.119140625,7.014770269393921
68.9,45.744224548339844,91.0,79.119140625,6.507259845733643
73.8,45.74544143676758,83.0,79.119140625,7.2762367725372314
77.7,45.750850677490234,94.0,79.119140625,8.123474836349487
70.6,45.72601318359375,100.0,79.119140625,9.63705563545227
76.5,45.75642776489258,92.0,79.119140625,8.58043384552002
68.2,45.74755096435547,92.0,79.119140625,6.871576309204102
71.5,45.73783493041992,92.0,79.119140625,6.158798694610596
76.9,45.74148178100586,94.0,79.119140625,8.480601787567139
72.2,45.71658706665039,68.0,79.119140625,9.43713927268982
75.8,45.7479133605957,98.0,79.119140625,7.518399715423584
69.8,45.76006317138672,83.0,79.12109375,6.788774013519287
72.1,45.733516693115234,82.0,79.119140625,7.212217330932617
74.1,45.714656829833984,3.0,79.119140625,7.585778474807739
67.7,45.6297607421875,82.0,79.119140625,8.65308427810669
75.3,45.63437271118164,90.0,79.119140625,8.02852201461792
68.7,45.60226058959961,89.0,79.119140625,6.7101521492004395
76.4,45.69939422607422,100.0,79.119140625,8.04129147529602
79.8,45.71700668334961,10.0,79.119140625,9.647079944610596
70.8,45.67772674560547,94.0,79.119140625,9.511075019836426
79.4,45.64516830444336,93.0,79.119140625,8.957125186920166
69.7,45.62592697143555,91.0,79.119140625,7.1780242919921875
78.9,45.589820861816406,100.0,79.119140625,9.28279447555542
78.1,45.608219146728516,91.0,79.119140625,8.942510843276978
68.6,45.610374450683594,91.0,79.119140625,9.693113803863525
71.8,45.69114303588867,94.0,79.119140625,6.899379730224609
73.6,45.71104431152344,100.0,79.119140625,7.864180564880371
78.4,45.66992950439453,97.0,79.119140625,8.810998439788818
77.7,45.664527893066406,90.0,79.119140625,8.387463808059692
74.0,45.711116790771484,94.0,79.119140625,10.015296220779419
70.7,45.68233871459961,30.0,79.119140625,6.727440357208252
74.4,45.65902328491211,87.0,79.119140625,8.003493070602417
78.4,45.641319274902344,91.0,79.119140625,8.539855241775513
75.5,45.6894645690918,91.0,79.119140625,7.821599006652832
72.9,45.71092987060547,92.0,79.119140625,10.437365770339966
68.9,45.689697265625,95.0,79.119140625,6.620497226715088
78.3,45.61335754394531,90.0,79.119140625,8.45066499710083
75.7,45.637516021728516,59.0,79.119140625,7.336029291152954
81.9,45.67048263549805,0.0,79.119140625,10.406235218048096
72.6,45.6569938659668,90.0,79.119140625,10.406396389007568
69.7,45.686973571777344,94.0,79.119140625,7.620053291320801
74.9,45.64479446411133,91.0,79.119140625,8.094432353973389
80.0,45.60106658935547,100.0,79.119140625,10.077991962432861
77.8,45.63700485229492,96.0,79.119140625,8.531607151031494
71.9,45.59829330444336,87.0,79.119140625,10.23072361946106
70.4,45.59440612792969,100.0,79.119140625,7.2495081424713135
76.5,45.614830017089844,92.0,79.119140625,7.967959642410278
77.2,45.5994758605957,89.0,79.119140625,7.9164299964904785
76.5,45.617637634277344,73.0,79.119140625,7.908456802368164
63.7,45.59902572631836,21.0,79.119140625,8.802656888961792
76.6,45.678855895996094,92.0,79.119140625,7.819765567779541
80.3,45.63865280151367,90.0,79.119140625,9.2674241065979
76.9,45.710601806640625,2.0,79.119140625,7.710679769515991
74.3,45.67076873779297,83.0,79.119140625,6.850806951522827
66.7,45.723697662353516,91.0,79.119140625,9.472459316253662
76.2,45.697078704833984,96.0,79.119140625,7.990320682525635
76.6,45.67031478881836,87.0,79.119140625,8.09201169013977
78.0,45.693321228027344,92.0,79.119140625,9.08678412437439
77.2,45.66031265258789,18.0,79.119140625,7.803593873977661
63.0,45.643157958984375,94.0,79.119140625,8.280214548110962
77.1,45.68741989135742,94.0,79.119140625,8.157280206680298
78.0,45.73542404174805,90.0,79.119140625,8.214808225631714
78.0,45.70294952392578,93.0,79.119140625,8.335440874099731
77.0,45.7347526550293,97.0,79.119140625,7.801962375640869
69.1,45.71099090576172,93.0,79.119140625,9.267845153808594
73.9,45.717323303222656,94.0,79.119140625,6.86786150932312
76.0,45.72842025756836,100.0,79.119140625,7.711595296859741
76.0,45.73991394042969,24.0,79.119140625,7.675398588180542
74.5,45.752994537353516,13.0,79.119140625,7.894701957702637
62.4,45.7347526550293,91.0,79.119140625,8.386355876922607
74.7,45.716758728027344,100.0,79.119140625,7.532679319381714
77.4,45.7580451965332,92.0,79.119140625,8.36804747581482
72.2,45.725311279296875,98.0,79.119140625,6.054433107376099
76.8,45.69219207763672,99.0,79.119140625,7.980353355407715
64.5,45.67774963378906,0.0,79.119140625,8.455032587051392
74.8,45.71538162231445,100.0,79.119140625,7.10617733001709
77.3,45.763187408447266,100.0,79.119140625,8.14969801902771
72.1,45.75825881958008,98.0,79.119140625,6.445437669754028
76.3,45.740535736083984,0.0,79.119140625,8.052040815353394
65.9,45.736907958984375,92.0,79.119140625,8.460594177246094
76.5,45.73199462890625,91.0,79.119140625,7.668761968612671
77.2,45.6807975769043,90.0,79.119140625,8.422927856445312
77.9,45.628753662109375,91.0,79.119140625,8.396585464477539
76.9,45.701904296875,1.0,79.119140625,7.969770908355713
66.8,45.6522102355957,71.0,79.119140625,10.090165615081787
75.1,45.679969787597656,21.0,79.119140625,7.680725574493408
74.5,45.69118118286133,95.0,79.119140625,7.304500341415405
76.7,45.66383743286133,100.0,79.119140625,8.230198383331299
74.8,45.677886962890625,94.0,79.119140625,7.2599146366119385
69.7,45.641563415527344,95.0,79.119140625,9.396340131759644
76.3,45.71965026855469,93.0,79.119140625,8.008601427078247
78.3,45.65340805053711,86.0,79.119140625,8.348902940750122
76.8,45.72745132446289,94.0,79.119140625,7.973809480667114
76.9,45.71095275878906,83.0,79.119140625,8.114416360855103
65.4,45.64961242675781,92.0,79.119140625,8.490034818649292
75.8,45.623409271240234,94.0,79.119140625,7.952538251876831
75.8,45.63299560546875,22.0,79.119140625,7.566778182983398
77.7,45.666778564453125,84.0,79.119140625,8.445507287979126
76.4,45.640045166015625,75.0,79.119140625,7.919922590255737
61.8,45.61674118041992,95.0,79.119140625,7.828719854354858
76.3,45.690521240234375,98.0,79.119140625,7.869189262390137
75.4,45.64174270629883,93.0,79.119140625,7.975728511810303
76.4,45.6415901184082,84.0,79.119140625,7.869643449783325
79.7,45.64743423461914,86.0,79.119140625,8.917956352233887
67.2,45.681182861328125,90.0,79.119140625,9.534629821777344
76.6,45.702091217041016,89.0,79.119140625,7.972004175186157
76.8,45.708587646484375,91.0,79.119140625,8.032061338424683
76.0,45.67262649536133,0.0,79.119140625,7.5345001220703125
72.3,45.68440628051758,90.0,79.119140625,7.132997989654541
69.3,45.685874938964844,91.0,79.119140625,9.678200960159302
76.0,45.673526763916016,97.0,79.119140625,7.756858587265015
78.3,45.70955276489258,84.0,79.119140625,7.847218036651611
75.4,45.71158218383789,91.0,79.119140625,7.174225807189941
76.2,45.73811721801758,91.0,79.12109375,8.163229703903198
69.8,45.74238204956055,35.0,79.119140625,9.820274114608765
76.9,45.70341110229492,100.0,79.119140625,7.884034633636475
80.9,45.68212127685547,94.0,79.119140625,9.077010869979858
78.1,45.662513732910156,94.0,79.119140625,8.738783836364746
73.1,45.67109680175781,91.0,79.119140625,7.10382080078125
69.1,45.69809341430664,100.0,79.119140625,9.166646718978882
78.7,45.7696533203125,21.0,79.119140625,8.429434537887573
76.3,45.69610595703125,94.0,79.119140625,7.791982650756836
80.5,45.70695495605469,8.0,79.119140625,10.089528322219849
71.9,45.64540481567383,33.0,79.119140625,7.842731475830078
73.3,45.63680648803711,23.0,79.119140625,10.225781679153442
75.5,45.58515930175781,7.0,79.119140625,7.914495944976807
77.9,45.68356704711914,95.0,79.119140625,9.739555358886719
80.6,45.620521545410156,96.0,79.119140625,11.701791286468506
70.4,45.693931579589844,89.0,79.119140625,7.342020750045776
72.3,45.662574768066406,93.0,79.119140625,10.563323020935059
74.8,45.6568489074707,95.0,79.119140625,7.485615491867065
78.3,45.66755676269531,100.0,79.119140625,8.50984501838684
71.7,45.684532165527344,100.0,79.119140625,7.538984537124634
79.8,45.625282287597656,92.0,79.119140625,9.209537506103516
72.6,45.62651824951172,93.0,79.119140625,10.32564115524292
80.0,45.622657775878906,86.0,79.119140625,9.047825336456299
79.2,45.63518142700195,85.0,79.119140625,8.904500961303711
68.8,45.60755157470703,93.0,79.119140625,6.345515727996826
77.3,45.629878997802734,90.0,79.119140625,8.481275081634521
75.5,45.72957229614258,93.0,79.119140625,11.3203763961792
74.8,45.73038864135742,93.0,79.119140625,7.212489128112793
78.8,45.73039245605469,76.0,79.119140625,8.038268566131592
67.9,45.76307678222656,18.0,79.119140625,6.704794645309448
74.4,45.7009391784668,94.0,79.119140625,7.121833562850952
72.3,45.68949890136719,90.0,79.119140625,9.852643489837646
75.9,45.66661071777344,95.0,79.119140625,7.464419841766357
71.6,45.69056701660156,89.0,79.119140625,6.806872844696045
71.5,45.72806930541992,100.0,79.119140625,6.916526556015015
76.3,45.71482849121094,72.0,79.119140625,7.773558139801025
68.2,45.77906036376953,96.0,79.119140625,8.478851318359375
76.8,45.72734832763672,8.0,79.119140625,8.418206930160522
71.9,45.67633819580078,0.0,79.119140625,7.670334815979004
76.9,45.69990921020508,94.0,79.119140625,7.8580238819122314
76.3,45.71736526489258,92.0,79.119140625,7.676037549972534
72.5,45.69139862060547,93.0,79.119140625,10.568250179290771
76.9,45.694374084472656,93.0,79.119140625,7.925123929977417
73.4,45.68196487426758,10.0,79.119140625,8.226780891418457
76.8,45.6910400390625,94.0,79.12109375,7.949068069458008
77.7,45.63672637939453,91.0,79.119140625,7.861906290054321
70.6,45.646263122558594,22.0,79.119140625,9.287533044815063
75.9,45.68297576904297,92.0,79.119140625,7.628328561782837
69.4,45.65464782714844,93.0,79.119140625,6.77436375617981
74.7,45.65332794189453,100.0,79.119140625,7.1117048263549805
75.7,45.66124725341797,89.0,79.119140625,7.508407115936279
68.9,45.71076202392578,87.0,79.119140625,8.448647260665894
73.9,45.67093276977539,90.0,79.119140625,7.664769172668457
67.0,45.6441650390625,99.0,79.119140625,6.636883974075317
77.3,45.64636993408203,85.0,79.119140625,8.01491379737854
77.4,45.679466247558594,97.0,79.119140625,8.235881328582764
71.7,45.652950286865234,24.0,79.119140625,8.972725629806519
77.4,45.68967819213867,24.0,79.119140625,8.421047449111938
68.3,45.70644760131836,92.0,79.119140625,6.580545902252197
77.2,45.67238998413086,99.0,79.119140625,8.178372383117676
75.7,45.6621208190918,98.0,79.119140625,7.420422554016113
70.0,45.66611099243164,90.0,79.119140625,9.520302534103394
75.4,45.671875,96.0,79.119140625,7.7273948192596436
71.1,45.63087463378906,79.0,79.119140625,7.281066417694092
77.3,45.716522216796875,93.0,79.119140625,8.878554582595825
80.0,45.67110824584961,90.0,79.119140625,9.072624444961548
74.8,45.66063690185547,87.0,79.119140625,9.825050592422485
74.5,45.72740936279297,100.0,79.119140625,7.021615505218506
67.9,45.73881912231445,98.0,79.119140625,6.715903997421265
76.5,45.72207260131836,94.0,79.119140625,7.936876058578491
77.4,45.648406982421875,92.0,79.119140625,8.002222537994385
73.7,45.69752883911133,93.0,79.119140625,10.300920009613037
73.0,45.671913146972656,21.0,79.119140625,7.097315549850464
72.1,45.68304443359375,78.0,79.119140625,7.709580421447754
75.3,45.673744201660156,94.0,79.119140625,7.4444499015808105
78.2,45.693119049072266,94.0,79.119140625,8.305783748626709
70.8,45.69524383544922,27.0,79.119140625,10.375472068786621
71.1,45.70388412475586,91.0,79.119140625,6.524803876876831
75.1,45.69661331176758,3.0,79.119140625,7.684736728668213
74.5,45.69480895996094,99.0,79.119140625,7.234495401382446
74.9,45.70584487915039,2.0,79.119140625,7.412461757659912
71.7,45.72216033935547,93.0,79.119140625,9.70255732536316
71.8,45.73873519897461,91.0,79.119140625,7.441446304321289
70.1,45.7061882019043,86.0,79.119140625,7.313971757888794
77.0,45.72140884399414,89.0,79.119140625,8.270408391952515
77.4,45.65616989135742,87.0,79.119140625,8.305091857910156
75.2,45.61846160888672,85.0,79.119140625,11.020641088485718
68.7,45.60068893432617,92.0,79.119140625,6.271270990371704
75.4,45.657615661621094,100.0,79.119140625,8.01170825958252
76.1,45.67263412475586,92.0,79.119140625,7.99551796913147
75.7,45.64545440673828,17.0,79.119140625,7.497359752655029
71.4,45.615753173828125,91.0,79.119140625,9.375953674316406
69.4,45.629764556884766,94.0,79.119140625,7.168167591094971
76.1,45.72693634033203,89.0,79.119140625,8.19589376449585
75.1,45.64972686767578,2.0,79.119140625,7.888932704925537
74.4,45.637977600097656,88.0,79.119140625,7.408467531204224
72.8,45.628684997558594,92.0,79.119140625,9.703429698944092
69.6,45.66860580444336,92.0,79.119140625,7.095390558242798
77.1,45.60897445678711,91.0,79.119140625,8.215478658676147
77.1,45.65981674194336,94.0,79.119140625,8.008219242095947
74.8,45.67959213256836,94.0,79.119140625,7.765502452850342
73.7,45.667118072509766,90.0,79.119140625,10.445409774780273
72.1,45.64653015136719,42.0,79.119140625,6.880646228790283
74.4,45.70024490356445,89.0,79.119140625,7.16666054725647
78.0,45.670745849609375,87.0,79.119140625,8.565061569213867
77.4,45.717586517333984,100.0,79.119140625,8.525374174118042
71.7,45.6878776550293,33.0,79.119140625,10.511552333831787
67.4,45.64280700683594,94.0,79.119140625,6.894133567810059
76.2,45.71897888183594,97.0,79.119140625,7.917412996292114
78.7,45.678001403808594,100.0,79.119140625,8.485247373580933
76.2,45.6180305480957,93.0,79.119140625,7.843456029891968
71.6,45.62580871582031,86.0,79.119140625,10.71314001083374
73.6,45.65477752685547,100.0,79.119140625,7.192053318023682
80.5,45.58900451660156,0.0,79.119140625,9.05193567276001
78.0,45.738502502441406,94.0,79.119140625,8.136828422546387
77.4,45.623085021972656,90.0,79.119140625,8.55432653427124
70.5,45.703819274902344,0.0,79.119140625,10.585509538650513
72.7,45.61619567871094,90.0,79.119140625,7.324682712554932
77.2,45.59525680541992,100.0,79.119140625,8.075911045074463
75.9,45.594505310058594,100.0,79.119140625,8.110321998596191
75.5,45.56081008911133,92.0,79.119140625,7.820507764816284
66.0,45.58559799194336,13.0,79.119140625,9.49561071395874
78.3,45.56373977661133,96.0,79.119140625,8.937319993972778
78.3,45.600101470947266,100.0,79.119140625,8.44530701637268
76.4,45.670013427734375,36.0,79.119140625,7.878900766372681
73.5,45.62465286254883,90.0,79.119140625,7.182886600494385
70.2,45.6031379699707,0.0,79.119140625,10.427082538604736
79.3,45.61000442504883,90.0,79.119140625,9.16435694694519
75.3,45.639686584472656,90.0,79.119140625,7.169690132141113
76.2,45.65530776977539,97.0,79.119140625,7.876959800720215
76.7,45.616981506347656,94.0,79.119140625,8.037607908248901
66.1,45.61467361450195,90.0,79.119140625,8.350199460983276
75.4,45.63768768310547,14.0,79.119140625,7.325299501419067
78.0,45.718772888183594,0.0,79.119140625,8.446639060974121
76.9,45.614990234375,7.0,79.119140625,7.961676120758057
78.1,45.69072341918945,1.0,79.119140625,8.09886622428894
64.4,45.626888275146484,91.0,79.119140625,8.36396598815918
78.1,45.6543083190918,100.0,79.119140625,7.9772303104400635
81.2,45.86952590942383,87.0,79.119140625,9.261372327804565
77.0,46.062255859375,0.0,79.119140625,8.697790622711182
76.5,46.097232818603516,36.0,79.119140625,8.086241006851196
66.2,46.23107147216797,92.0,79.119140625,8.82598090171814
77.6,46.307395935058594,78.0,79.119140625,7.824658632278442
77.1,46.3653678894043,100.0,79.119140625,8.574460744857788
77.7,46.36246871948242,0.0,79.119140625,8.452544927597046
75.2,46.33332061767578,99.0,79.119140625,7.089621067047119
66.9,46.38297653198242,95.0,79.119140625,9.202783823013306
79.7,46.44078063964844,16.0,79.119140625,9.614439249038696
76.6,46.44723129272461,100.0,79.119140625,7.712625741958618
80.2,46.62001419067383,0.0,79.119140625,9.286029815673828
75.5,46.6040153503418,91.0,79.119140625,7.587080717086792
70.1,45.9041748046875,84.0,79.12109375,9.545891284942627
76.3,45.9289665222168,94.0,79.119140625,8.32794189453125
78.0,45.93210220336914,34.0,79.119140625,8.535346031188965
74.9,45.93014907836914,36.0,79.119140625,7.492572784423828
73.6,45.88465118408203,90.0,79.119140625,7.500725269317627
72.6,45.76151657104492,90.0,79.119140625,10.107383489608765
79.2,45.73282241821289,98.0,79.119140625,9.468931436538696
75.5,45.81076431274414,91.0,79.119140625,7.507102966308594
74.0,45.77461624145508,68.0,79.119140625,7.248281002044678
68.8,45.77292251586914,100.0,79.119140625,6.4387571811676025
68.7,45.71247482299805,97.0,79.119140625,9.090635776519775
75.2,45.75426483154297,96.0,79.119140625,7.730077266693115
76.2,45.77081298828125,94.0,79.119140625,8.093058109283447
77.3,45.701019287109375,39.0,79.119140625,8.310036659240723
74.7,45.659339904785156,91.0,79.119140625,7.4537084102630615
69.6,45.74072265625,93.0,79.119140625,9.346877336502075
75.8,45.76879119873047,97.0,79.119140625,7.989948511123657
75.4,45.77076721191406,27.0,79.119140625,7.499619722366333
76.0,45.777896881103516,1.0,79.119140625,8.13197660446167
67.9,45.80786895751953,88.0,79.119140625,6.113564968109131
70.6,45.80012512207031,86.0,79.119140625,9.901970148086548
78.6,45.7129020690918,21.0,79.119140625,8.564202308654785
75.4,45.6992073059082,91.0,79.119140625,7.357913970947266
79.9,45.69092559814453,38.0,79.119140625,9.679567337036133
70.8,45.695465087890625,98.0,79.119140625,6.215724229812622
68.3,45.64399719238281,94.0,79.119140625,8.9482901096344
74.9,45.72053909301758,100.0,79.119140625,7.388753652572632
76.3,45.68104553222656,85.0,79.119140625,7.513015985488892
74.6,45.630462646484375,93.0,79.119140625,7.324557542800903
70.2,45.568817138671875,9.0,79.119140625,6.642163515090942
72.0,45.61994552612305,90.0,79.119140625,9.263215780258179
81.0,45.69306182861328,89.0,79.119140625,11.242765665054321
76.8,45.70086669921875,97.0,79.119140625,8.310438632965088
77.1,45.586334228515625,93.0,79.119140625,8.217108011245728
69.4,45.66478729248047,95.0,79.119140625,7.233493804931641
72.8,45.615020751953125,94.0,79.119140625,10.192179203033447
76.1,45.60626983642578,91.0,79.119140625,7.580626487731934
73.7,45.63754653930664,0.0,79.119140625,6.826814889907837
75.8,45.65094757080078,93.0,79.119140625,7.792876243591309
69.7,45.62934494018555,94.0,79.119140625,7.34815526008606
75.3,45.66265106201172,94.0,79.119140625,10.533457279205322
75.3,45.65080642700195,92.0,79.119140625,7.573233604431152
76.8,45.700504302978516,78.0,79.119140625,8.37317681312561
75.2,45.598506927490234,21.0,79.119140625,7.419064283370972
74.3,45.6072998046875,26.0,79.119140625,8.069437265396118
73.7,45.70213317871094,93.0,79.119140625,10.793546676635742
72.8,45.693077087402344,16.0,79.119140625,6.664644956588745
74.0,45.7519645690918,99.0,79.119140625,6.703289747238159
78.0,45.728111267089844,33.0,79.119140625,8.693358182907104
65.2,45.71977615356445,89.0,79.119140625,5.802140474319458
70.1,45.69001770019531,92.0,79.119140625,8.507534265518188
79.6,45.736900329589844,88.0,79.119140625,9.14061164855957
78.4,45.72882080078125,91.0,79.119140625,8.847668170928955
75.0,45.711395263671875,86.0,79.119140625,7.61599326133728
71.3,45.71332550048828,87.0,79.119140625,6.772552490234375
69.4,45.71489334106445,4.0,79.119140625,8.623384237289429
77.6,45.66535949707031,93.0,79.119140625,8.015447616577148
76.5,45.680572509765625,97.0,79.119140625,8.19641399383545
79.4,45.684486389160156,82.0,79.119140625,8.959980249404907
65.1,45.659217834472656,100.0,79.119140625,5.935546636581421
72.4,45.674625396728516,93.0,79.119140625,9.497213125228882
73.5,45.69926071166992,14.0,79.119140625,7.068162679672241
73.3,45.742408752441406,93.0,79.119140625,6.975398778915405
73.2,45.68195724487305,89.0,79.119140625,7.223848581314087
64.3,45.7361946105957,94.0,79.119140625,5.7069175243377686
71.4,45.72804260253906,4.0,79.119140625,9.832910060882568
74.0,45.65935134887695,95.0,79.119140625,7.223896026611328
73.9,45.683448791503906,94.0,79.119140625,7.2781665325164795
73.8,45.73711395263672,89.0,79.119140625,7.224159002304077
68.7,45.738040924072266,91.0,79.119140625,6.515434265136719
73.4,45.74641418457031,93.0,79.119140625,10.047702312469482
75.6,45.69692611694336,4.0,79.119140625,7.474687576293945
74.3,45.69843292236328,100.0,79.119140625,7.178798675537109
72.8,45.70639419555664,91.0,79.119140625,7.3656086921691895
73.5,45.67863845825195,87.0,79.119140625,7.539304971694946
74.1,45.729373931884766,95.0,79.119140625,10.92078971862793
75.3,45.63673400878906,94.0,79.119140625,7.922852516174316
76.1,45.664710998535156,93.0,79.119140625,7.671710968017578
71.4,45.63215255737305,46.0,79.119140625,6.315352916717529
73.2,45.641822814941406,99.0,79.119140625,7.108150482177734
73.4,45.67839050292969,95.0,79.119140625,10.399895906448364
75.1,45.66777801513672,94.0,79.119140625,7.849203586578369
76.6,45.66349792480469,96.0,79.119140625,8.150651693344116
72.1,45.68155288696289,95.0,79.119140625,7.479145526885986
77.2,45.667388916015625,89.0,79.119140625,8.927956104278564
74.9,45.626625061035156,92.0,79.119140625,11.195624351501465
75.6,45.69947814941406,97.0,79.12109375,7.846683502197266
76.8,45.74691390991211,91.0,79.119140625,8.080333471298218
69.6,45.71278381347656,92.0,79.119140625,7.269915342330933
80.0,45.660099029541016,98.0,79.119140625,9.118876218795776
74.4,45.674537658691406,92.0,79.119140625,9.755676031112671
74.6,45.65410614013672,100.0,79.119140625,6.8680901527404785
66.9,39.13801193237305,91.0,78.2734375,6.240762948989868
50.4,39.14299392700195,94.0,78.29296875,4.213501453399658
47.8,39.140380859375,93.0,78.29296875,5.082053899765015
46.3,39.11229705810547,90.0,78.29296875,6.9004621505737305
49.1,39.144535064697266,55.0,78.29296875,3.6644480228424072
44.6,39.14222717285156,93.0,78.29296875,3.7232906818389893
50.1,39.15398406982422,92.0,78.29296875,4.341161489486694
55.8,39.154014587402344,90.0,78.29296875,5.391261339187622
42.1,39.14944839477539,80.0,78.29296875,5.5253636837005615
45.5,39.16932678222656,78.0,78.29296875,3.8137128353118896
49.5,39.15745162963867,84.0,78.29296875,4.137105703353882
51.3,39.146732330322266,91.0,78.29296875,4.067508935928345
53.0,39.16313934326172,81.0,78.29296875,4.354599952697754
42.1,39.1255989074707,85.0,78.29296875,5.707139492034912
50.8,39.12076187133789,58.0,78.29296875,4.468486070632935
51.5,39.13958740234375,99.0,78.29296875,3.8454620838165283
50.8,39.159088134765625,92.0,78.29296875,4.306021213531494
50.8,39.194854736328125,90.0,78.29296875,4.3049139976501465
42.1,39.19559860229492,79.0,78.29296875,5.9352076053619385
52.1,39.19678497314453,27.0,78.29296875,5.012656927108765
51.9,39.20501708984375,92.0,78.29296875,5.017484426498413
49.4,39.16356658935547,98.0,78.29296875,4.716742277145386
52.8,39.16307830810547,42.0,78.29296875,4.861237525939941
45.3,39.14734649658203,82.0,78.29296875,6.145159482955933
45.5,39.17339324951172,60.0,78.29296875,3.8176419734954834
49.7,39.19334411621094,95.0,78.29296875,4.037921190261841
52.3,39.220802307128906,95.0,78.29296875,4.017506122589111
52.4,39.21484375,91.0,78.29296875,3.9224259853363037
43.1,39.1840934753418,91.0,78.29296875,5.68935489654541
49.7,39.18998718261719,87.0,78.29296875,4.331465721130371
48.2,39.182125091552734,91.0,78.29296875,4.924275159835815
51.0,39.18229293823242,91.0,78.29296875,4.140623092651367
51.9,39.1839599609375,91.0,78.29296875,4.018845558166504
42.5,39.19049835205078,76.0,78.29296875,6.154119968414307
49.1,39.177879333496094,90.0,78.29296875,5.087038278579712
53.6,39.163734436035156,94.0,78.29296875,5.5233869552612305
50.5,39.14321517944336,91.0,78.29296875,4.5215535163879395
51.1,39.12541580200195,91.0,78.29296875,4.0919554233551025
43.0,39.14893341064453,73.0,78.29296875,6.229854583740234
54.9,39.123069763183594,91.0,78.29296875,5.516041278839111
50.7,39.09248733520508,91.0,78.29296875,4.099361896514893
48.1,39.07526779174805,54.0,78.29296875,3.622410774230957
54.0,39.088287353515625,91.0,78.29296875,4.713419675827026
39.6,39.098331451416016,71.0,78.29296875,5.557645082473755
45.6,39.113067626953125,92.0,78.29296875,3.7817935943603516
51.8,39.140052795410156,94.0,78.29296875,3.787471055984497
50.0,39.15180587768555,91.0,78.29296875,4.448992729187012
50.6,39.17060089111328,93.0,78.29296875,4.273951530456543
42.8,39.19876480102539,76.0,78.29296875,5.7193872928619385
51.9,39.1724739074707,87.0,78.29296875,4.221978664398193
51.5,39.15272521972656,93.0,78.29296875,4.15399169921875
50.0,39.184391021728516,90.0,78.29296875,4.873988151550293
52.4,39.16990661621094,92.0,78.29296875,3.938805103302002
